Facebook-AI	Manifold	metricsystem1	metricsystem2	metricsystem3	metricsystem4	metricsystem5	Nemo	NiuTrans	Online-A	Online-B	Online-G	Online-W	Online-Y
20.38012158466858	29.43795340007684	38.49578521548509	27.17349544622477	36.23132726163303	22.64457953852064	43.024701123189224	36.23132726163303	27.17349544622477	29.43795340007684	31.7024113539289	33.96686930778097	29.43795340007684	31.7024113539289
