Facebook-AI	Manifold	metricsystem1	metricsystem2	metricsystem3	metricsystem4	metricsystem5	Nemo	NiuTrans	Online-A	Online-B	Online-G	Online-W	Online-Y
61.418512974051914	62.5753892215569	63.22046906187624	59.46543912175651	61.367315369261505	61.8181836327345	62.193003992015974	60.42931137724547	61.87883233532939	63.18882235528941	62.98500998003996	63.75076846307381	59.454101796407144	64.0666566866267
