Facebook-AI	Manifold	metricsystem1	metricsystem2	metricsystem3	metricsystem4	metricsystem5	Nemo	NiuTrans	Online-A	Online-B	Online-G	Online-W	Online-Y
46.00314333481466	41.50635925569232	36.558363123207386	43.587391627349355	37.90578796106889	31.780859349011735	39.97118485092541	41.6257742843559	40.46650967963149	41.18049806750355	43.50258147498114	42.80959846333118	44.98143135226432	37.74877505477881
