Facebook-AI	Manifold	metricsystem1	metricsystem2	metricsystem3	metricsystem4	metricsystem5	Nemo	NiuTrans	Online-A	Online-B	Online-G	Online-W	Online-Y
72.02827722146934	70.47832468244259	58.46554096251744	71.67053578295646	60.220621153023025	77.53052282727192	56.701389772486834	66.89339843839655	74.97875555775815	70.06736561067477	67.15809217157242	65.81447564747106	65.51169970403382	67.62856976568362
