Facebook-AI	Manifold	metricsystem1	metricsystem2	metricsystem3	metricsystem4	metricsystem5	Nemo	NiuTrans	Online-A	Online-B	Online-G	Online-W	Online-Y
38.90238522954089	39.609231536926174	41.1364171656686	35.75337325349305	38.449011976047935	38.22327345309387	39.74086826347303	37.774441117764454	38.35315369261473	41.17204590818359	40.446906187624755	42.36341317365279	35.51230538922159	43.14924151696607
