Facebook-AI	Manifold	metricsystem1	metricsystem2	metricsystem3	metricsystem4	metricsystem5	Nemo	NiuTrans	Online-A	Online-B	Online-G	Online-W	Online-Y
52.47961077844313	71.38364271457087	49.86163672654688	55.21090818363281	78.46491017964071	53.50671656686628	53.50417165668664	53.67073852295407	52.76664670658688	49.8018463073852	51.55076846307389	49.590319361277444	54.13417165668661	49.61635728542913
