Facebook-AI	Manifold	Nemo	NiuTrans	Online-A	Online-B	Online-G	Online-W	Online-Y	metricsystem1	metricsystem2	metricsystem3	metricsystem4	metricsystem5
0.4902343750000003	0.5014062499999998	0.4997070312499997	0.5225000000000005	0.5187890624999996	0.5101757812499998	0.4823437499999999	0.4976367187499996	0.4880273437499994	0.4753125000000003	0.5042773437499997	0.5079492187499999	0.4962304687499997	0.5202929687500002
