Facebook-AI	Manifold	Nemo	NiuTrans	Online-A	Online-B	Online-G	Online-W	Online-Y	metricsystem1	metricsystem2	metricsystem3	metricsystem4	metricsystem5	ref-A
0.5170898437500006	0.5035742187499997	0.4788867187499998	0.5030468750000001	0.4699218750000002	0.5113867187499999	0.49486328125	0.5191015625	0.5000585937499998	0.4858007812499998	0.4975000000000003	0.5024609375	0.5018750000000001	0.4722265625000003	0.5145117187499998
