Facebook-AI	Manifold	metricsystem1	metricsystem2	metricsystem3	metricsystem4	metricsystem5	Nemo	NiuTrans	Online-A	Online-B	Online-G	Online-W	Online-Y
154.54525390625008	153.83496093750003	155.34423828125003	152.62765624999994	152.9649218749999	155.5928515625	155.91250000000002	154.40310546875	153.55099609375	154.52753906250007	152.36140625000002	152.57437499999997	151.52669921875008	149.76890624999982
