Facebook-AI	Manifold	metricsystem1	metricsystem2	metricsystem3	metricsystem4	metricsystem5	Nemo	NiuTrans	Online-A	Online-B	Online-G	Online-W	Online-Y
20.072655081296304	24.808415001701803	18.476860420522193	18.476860420522193	18.476860420522193	20.072655081296304	20.072655081296304	24.808415001701803	20.072655081296304	20.072655081296304	18.476860420522193	20.072655081296304	20.072655081296304	18.476860420522193
