Facebook-AI	Manifold	metricsystem1	metricsystem2	metricsystem3	metricsystem4	metricsystem5	Nemo	NiuTrans	Online-A	Online-B	Online-G	Online-W	Online-Y
52.287146727660385	39.912938739139406	45.074995113851124	45.074995113851124	45.074995113851124	52.287146727660385	52.287146727660385	39.912938739139406	52.287146727660385	52.287146727660385	45.074995113851124	52.287146727660385	48.34799200245885	45.074995113851124
